{
  "project_info": {
    "project_number": "836214996982",
    "firebase_url": "https://adrian-ohs-system.firebaseio.com",
    "project_id": "adrian-ohs-system",
    "storage_bucket": "adrian-ohs-system.appspot.com"
  },
  "client": [
    {
      "client_info": {
        "mobilesdk_app_id": "1:836214996982:android:1109a4e430796e6dcf91d7",
        "android_client_info": {
          "package_name": "com.ellixar.adrian_ohs_app"
        }
      },
      "oauth_client": [
        {
          "client_id": "836214996982-5abrsq15aq50ilpgh2hp3mkgg6uahdq5.apps.googleusercontent.com",
          "client_type": 3
        }
      ],
      "api_key": [
        {
          "current_key": "AIzaSyCcJfx6upaGv2KOVW9nJqbZS3f8p6ntgn0"
        }
      ],
      "services": {
        "appinvite_service": {
          "other_platform_oauth_client": [
            {
              "client_id": "836214996982-5abrsq15aq50ilpgh2hp3mkgg6uahdq5.apps.googleusercontent.com",
              "client_type": 3
            }
          ]
        }
      }
    }
  ],
  "configuration_version": "1"
}